,R_t_mean,R_t_low,R_t_high,I_t_mean,I_t_low,I_t_high
26,3.5,2.52,4.48,31.0,-inf,inf
27,3.448797248397857,2.015439094468959,4.751074319306339,908.344625,683.0,1121.0
28,3.3997653027608594,2.2248867284067435,4.514139383029589,1181.537,954.0,1389.0
29,3.2750452239377923,2.3569869129694654,4.251552868995858,1481.286375,1224.0,1721.0
30,2.5463014387020966,1.6890670362207658,3.4140695953509255,1563.53875,1325.0,1846.0
31,1.873575892726336,1.1334165845879078,2.6537888273033516,1484.348,1240.0,1719.0
32,1.6454292519288516,0.918844385072325,2.325662103251994,1504.516375,1297.0,1742.0
33,1.6603312415340827,0.9639025952482363,2.351260282424244,1615.202875,1365.0,1843.0
34,1.908272739513563,1.2237124236505508,2.568705286608253,1875.664375,1624.0,2139.0
35,1.7322074213525296,1.0407072791723118,2.3921137741089904,1991.5375,1714.0,2264.0
36,1.829874617415151,1.2019554528214518,2.488016141199199,2195.371875,1939.0,2482.0
37,2.0141766196777366,1.3696581344978838,2.642289171745686,2552.238625,2245.0,2845.0
38,1.6084658674352466,0.9483672366227557,2.229517849436014,2575.333625,2279.0,2876.0
39,1.7402368420304761,1.1524985722990715,2.4056109477497207,2797.9275,2495.0,3135.0
40,2.1612878723510986,1.5631614128325635,2.7575336917947624,3410.6305,3077.0,3783.0
41,2.0275757819573133,1.4344161145597218,2.561474591586081,3806.029,3446.0,4175.0
42,2.3194156140232,1.7573191967066364,2.8790737767665413,4528.387375,4111.0,4917.0
43,2.1747287664184487,1.6330815391177884,2.7082446742833057,5136.983375,4677.0,5539.0
44,1.530853507419048,0.9943820377511685,2.0465699811917784,5067.630875,4653.0,5502.0
45,1.542615383639011,1.0325943521411325,2.044812828618641,5287.8,4876.0,5718.0
46,1.8764207420563563,1.359439635234542,2.4356943508538533,6041.276875,5498.0,6481.0
47,1.9914440611995843,1.4867446775749489,2.454900144483101,6883.094875,6389.0,7376.0
48,1.7332394027231084,1.2533246770678854,2.1813759231724084,7319.759375,6844.0,7800.0
49,1.7758174195605547,1.291482039957319,2.228270064195691,7945.568125,7407.0,8500.0
50,2.0657948653873364,1.626671356531253,2.5097527464696308,9178.851125,8603.0,9712.0
51,1.8188935406955553,1.3732207351042687,2.286974887479965,9959.499125,9372.0,10553.0
52,1.6236267166656093,1.1903511160220677,2.0601861717461034,10477.151,9869.0,11107.0
53,1.8111426926903131,1.4188066271722053,2.2332398697608005,11580.865375,11024.0,12209.0
54,1.7043569697989078,1.2999983517505642,2.0955880710575183,12513.071,11927.0,13123.0
55,1.5689488973211647,1.1667158744651152,1.9802427209378812,13194.9775,12522.0,13886.0
56,1.5442240777572818,1.1628384539673586,1.936810032302616,13950.726125,13318.0,14630.0
57,1.658126568614755,1.2848737428393937,2.0242083884675983,15095.1515,14412.0,15757.0
58,1.6198761158250468,1.2208105990228493,1.982088234507089,16169.185375,15382.0,16932.0
59,1.9308134668628898,1.5994516592730668,2.287705106102074,18200.02175,17482.0,18892.0
60,1.7406467481036434,1.3930316311763424,2.0844566312041897,19690.4745,18952.0,20454.0
61,1.7364032040197794,1.3956979603438584,2.073064005397711,21302.095,20508.0,22078.0
62,1.66443518804388,1.3582714564980565,1.989319500591347,22885.59925,22157.0,23711.0
63,1.4326950163758632,1.1416944384559762,1.7387304939010844,23803.265,23042.0,24599.0
64,1.600743532547935,1.3004715108293858,1.9091273600595957,25520.697,24709.0,26439.0
65,1.5844344870629197,1.2870613565063398,1.8849765709056645,27281.209875,26462.0,28237.0
66,1.4308359820539531,1.168689424979612,1.7270037375419063,28451.652625,27645.0,29223.0
67,1.39197513183329,1.1066048097751455,1.6683066148057497,29637.807875,28749.0,30502.0
68,1.2584647097436723,0.9894805594594858,1.5254676949215908,30394.51625,29592.0,31253.0
69,1.3101612515155798,1.045856737535587,1.5837226262778323,31465.350625,30596.0,32275.0
70,1.292137876844581,1.0388262061046079,1.5591044043718496,32504.24575,31585.0,33363.0
71,1.538302132022401,1.2839272190027828,1.7945650496915155,34714.189625,33845.0,35697.0
72,1.136182063423525,0.8737789060369541,1.3899186851589957,35035.859,34108.0,35931.0
73,1.3982791430085795,1.163784182955329,1.6387157964490067,36735.12725,35884.0,37569.0
74,0.9967132436141679,0.7690054102622771,1.2357696358036774,36518.9205,35654.0,37372.0
75,1.2176234559317343,0.9696349063731107,1.4453781997270152,37466.4695,36546.0,38273.0
76,1.3024754080281247,1.0759388575869109,1.54885627569768,38855.45475,37978.0,39747.0
77,1.159861836484859,0.9372949324966839,1.3928258280408077,39466.819625,38488.0,40298.0
78,1.1305112325801516,0.8979578230531402,1.364104927013974,39937.6175,39091.0,40852.0
79,1.0446150860138295,0.7984949354839266,1.2614566272256533,40052.826,39128.0,40846.0
80,1.0061104712887867,0.7795812503685688,1.236579308985668,40049.43625,39109.0,40953.0
81,1.5229077477118,1.3052948171676322,1.7455260592856663,42808.757125,41896.0,43596.0
82,0.9333994063013106,0.6992862737422221,1.1437523271666143,42239.580125,41368.0,43147.0
83,1.1546848771728664,0.9385451858877124,1.3590058158307645,42968.46675,42153.0,43810.0
84,1.1979846664355727,0.9920850115251267,1.4098263689016606,44019.780125,43195.0,44918.0
85,1.040134258048834,0.8192958195632389,1.260524731486696,44101.265625,43164.0,45026.0
86,1.1054275723679257,0.9008508566747269,1.3155981326131172,44632.61675,43821.0,45536.0
87,1.1206283530389896,0.9296228349511519,1.338410964033685,45263.146,44410.0,46123.0
88,0.9064529549413564,0.7051625114713612,1.103737910804101,44642.3855,43797.0,45456.0
89,1.122116911817613,0.9190078888528189,1.3199568978163105,45353.048375,44542.0,46202.0
90,1.240906155680339,1.0426316566100016,1.4351458616271275,46714.769,45906.0,47653.0
91,1.0918597457527202,0.9109893471208907,1.2969299859596854,47125.06925,46230.0,47934.0
92,1.009404276886196,0.8124024563001186,1.1997405289512852,47089.203,46241.0,47915.0
93,1.0874835613631846,0.8852504291750567,1.2802046277016361,47580.093625,46760.0,48554.0
94,0.9070990756394333,0.7197635960180336,1.0994614662528366,46993.703375,46195.0,47818.0
95,0.951494246338882,0.7547384093093343,1.137693308846927,46706.216,45892.0,47534.0
96,1.0856773516106082,0.9001895212712794,1.2695759896828287,47203.077875,46400.0,48044.0
97,1.0832454045692637,0.8890810928739686,1.2663061858731854,47658.215125,46885.0,48470.0
98,1.1088177024129435,0.923185472292469,1.2998892489270029,48261.457375,47538.0,49134.0
99,0.9787933504153623,0.7876683822435679,1.162101999209585,48067.8165,47230.0,48852.0
100,0.9844570251314164,0.80192930699006,1.1717681250888976,47953.968625,47150.0,48818.0
101,1.1223564269560296,0.9292827670888899,1.3005484005573893,48724.011875,47899.0,49506.0
102,0.9829941758307031,0.8002252214870093,1.1652584767166814,48574.517125,47805.0,49344.0
103,0.9541751805748161,0.7663883063336803,1.1424607473489372,48269.202875,47492.0,49172.0
104,1.0460895779560602,0.8640601842676976,1.2338873288550665,48563.41525,47761.0,49365.0
105,0.9811796125639166,0.7994696592029241,1.1599594634108192,48442.06475,47644.0,49232.0
106,1.0831223364868143,0.8985662366690592,1.2689387426836682,48932.60425,48098.0,49737.0
107,0.9239574707746062,0.736275831697605,1.1101309081777158,48447.747125,47610.0,49197.0
108,1.004629735440477,0.8273878597258993,1.1883424850934825,48491.71425,47709.0,49283.0
109,1.157476716846345,0.9736320490385796,1.3353178993325747,49447.987125,48667.0,50201.0
110,0.9402223255716875,0.7632851759637619,1.1117226205324098,49060.56225,48218.0,49799.0
111,0.7297534921122847,0.5429393209820205,0.9087787755667747,47455.413375,46733.0,48303.0
112,1.0643897185921487,0.8802557860507272,1.2470533187648618,47940.5315,47137.0,48717.0
113,1.2219704297074765,1.0413514589206239,1.3993103351613114,49290.44275,48534.0,50061.0
114,1.0480485751047264,0.8675557935816178,1.2303405096651803,49511.053125,48734.0,50280.0
115,1.016886943477078,0.8343357051861908,1.2016449246370082,49555.087375,48773.0,50386.0
